pre,rec,spe,f1,geo,iba,sup
0.5640138408304498,0.4075,0.6710182767624021,0.4731494920174165,0.5229148571045565,0.2662343053969622,400.0
0.520242914979757,0.6710182767624021,0.4075,0.5860889395667046,0.5229148571045565,0.28064559016439533,383.0
0.5426035412125503,0.5426035412125503,0.5426035412125503,0.5426035412125503,0.5426035412125503,0.5426035412125503,0.5426035412125503
0.5363984674329502,0.5363984674329502,0.5363984674329502,0.5363984674329502,0.5363984674329502,0.5363984674329502,0.5363984674329502
0.5421198093294519,0.5421198093294519,0.5421198093294519,0.5421198093294519,0.5421198093294519,0.5421198093294519,0.5421198093294519
0.5283931809208359,0.5283931809208359,0.5283931809208359,0.5283931809208359,0.5283931809208359,0.5283931809208359,0.5283931809208359
0.5229148571045565,0.5229148571045565,0.5229148571045565,0.5229148571045565,0.5229148571045565,0.5229148571045565,0.5229148571045565
0.2732835034377373,0.2732835034377373,0.2732835034377373,0.2732835034377373,0.2732835034377373,0.2732835034377373,0.2732835034377373
783.0,783.0,783.0,783.0,783.0,783.0,783.0
