pre,rec,spe,f1,geo,iba,sup
0.5555555555555556,0.35,0.7075718015665796,0.4294478527607362,0.4976445825569719,0.2387948602144673,400.0
0.5103578154425612,0.7075718015665796,0.35,0.5929978118161925,0.4976445825569719,0.25650540088213836,383.0
0.5334473378502211,0.5334473378502211,0.5334473378502211,0.5334473378502211,0.5334473378502211,0.5334473378502211,0.5334473378502211
0.524904214559387,0.524904214559387,0.524904214559387,0.524904214559387,0.524904214559387,0.524904214559387,0.524904214559387
0.5326675870071926,0.5326675870071926,0.5326675870071926,0.5326675870071926,0.5326675870071926,0.5326675870071926,0.5326675870071926
0.5094473857342224,0.5094473857342224,0.5094473857342224,0.5094473857342224,0.5094473857342224,0.5094473857342224,0.5094473857342224
0.4976445825569719,0.4976445825569719,0.4976445825569719,0.4976445825569719,0.4976445825569719,0.4976445825569719,0.4976445825569719
0.2474578705282834,0.2474578705282834,0.2474578705282834,0.2474578705282834,0.2474578705282834,0.2474578705282834,0.2474578705282834
783.0,783.0,783.0,783.0,783.0,783.0,783.0
